step,err,loss,ess
0,2201249.0,296514.53125,0.06096385046839714
