step,loss,manual_loss,ctds_loss,ctds_pinn_loss,ctds_component_bal_loss,modal_loss,effective_modal_loss_weight,resample_count,lr_drift,lr_free_energy,lr_potential,lr_energy_model,ess_count,w2,weighted_w2,mmd,drift_grad_norm,free_energy_grad_norm,potential_grad_norm,energy_model_grad_norm,total_grad_norm,beta_max,mode_weight_0,mode_weight_1,mode_weight_2,mode_weight_3,mode_weight_4,mode_weight_5
0,34140.5703125,34140.5703125,nan,nan,nan,0.2144450843334198,0.0,4,0.001,0.001,0.001,0.001,0.8059269785881042,nan,nan,0.1501471996307373,219372.19603033533,100.67767239987583,2.5081138551334643e-05,0.010451811411444136,219372.21913260964,0.9993680119514465,0.06450159847736359,0.16584211587905884,0.19958378374576569,0.05024668574333191,0.14868193864822388,0.3711439371109009
1,2281027.75,2281027.75,nan,nan,nan,7.83933162689209,0.0,15,0.001,0.001,0.001,0.001,0.2617402970790863,nan,nan,1.1594138145446777,24435000.091314264,3800.8326551220293,0.0010297688839999172,3.984142102185271,24435000.38692189,0.9998371601104736,0.3136935532093048,2.31462649047387e-09,0.007061214651912451,1.0860402926945198e-26,0.023825936019420624,0.6554192900657654
2,1624158.5,1624158.5,nan,nan,nan,5.349035263061523,0.0,15,0.001,0.001,0.001,0.001,0.9194655418395996,nan,nan,1.0513005256652832,19906078.61069819,1786.4092475504947,0.0014533055491947687,1.19174219616815,19906078.690856103,1.000300407409668,0.002694854512810707,0.4672536253929138,0.018813464790582657,0.4899545907974243,0.02128344029188156,0.0
